{"cameraMode":{"drawMode":0,"name":"Shaded","section":"Shading Mode"},"sceneLighting":false,"audioPlay":false,"sceneViewState":{"showFog":true,"showMaterialUpdate":false,"showSkybox":false,"showFlares":true,"showImageEffects":true,"showParticleSystems":true,"showVisualEffectGraphs":true,"m_FxEnabled":true},"in2DMode":false,"pivot":{"x":-0.04747951030731201,"y":0.03137099742889404,"z":-0.03137946128845215},"rotation":{"x":0.17072612047195435,"y":-0.4711165726184845,"z":0.09348983317613602,"w":0.8603278398513794},"size":0.8660253882408142,"orthographic":false}