{"cameraMode":{"drawMode":0,"name":"Shaded","section":"Shading Mode"},"sceneLighting":true,"audioPlay":false,"sceneViewState":{"showFog":true,"showMaterialUpdate":false,"showSkybox":true,"showFlares":true,"showImageEffects":true,"showParticleSystems":true,"showVisualEffectGraphs":true,"m_FxEnabled":true},"in2DMode":false,"pivot":{"x":0.36072349548339846,"y":-0.39266061782836916,"z":-0.29731297492980959},"rotation":{"x":0.14367540180683137,"y":-0.3673684895038605,"z":0.0575522780418396,"w":0.9171087741851807},"size":1.944195032119751,"orthographic":false}